thoi_gian_s,khoang_cach_cm
0.00,1200.0
0.05,1200.0
0.10,1200.0
0.15,1200.0
0.20,1200.0
0.25,1200.0
0.30,1200.0
0.35,1200.0
0.40,1200.0
0.45,1200.0
0.50,1200.0
0.55,1200.0
0.60,1200.0
0.65,1200.0
0.70,1200.0
0.75,1200.0
0.80,1200.0
0.85,1200.0
0.90,1200.0
0.95,1200.0
1.00,1200.0
1.05,1200.0
1.10,1200.0
1.15,1200.0
1.20,1200.0
1.25,1200.0
1.30,1200.0
1.35,1200.0
1.40,1200.0
1.45,1200.0
1.50,1200.0
1.55,1200.0
1.60,1200.0
1.65,1200.0
1.70,1200.0
1.75,1200.0
1.80,1200.0
1.85,1200.0
1.90,1200.0
1.95,1200.0
2.00,1200.0
2.05,1200.0
2.10,1200.0
2.15,1200.0
2.20,1200.0
2.25,1200.0
2.30,1200.0
2.35,1200.0
2.40,1200.0
2.45,1200.0
2.50,1200.0
2.55,1200.0
2.60,1200.0
2.65,1200.0
2.70,1200.0
2.75,1200.0
2.80,1200.0
2.85,1200.0
2.90,1200.0
2.95,1200.0
3.00,1200.0
3.05,1200.0
3.10,1200.0
3.15,1200.0
3.20,1200.0
3.25,1200.0
3.30,1200.0
3.35,1200.0
3.40,1200.0
3.45,1200.0
3.50,1200.0
3.55,1200.0
3.60,1200.0
3.65,1200.0
3.70,1200.0
3.75,1200.0
3.80,1200.0
3.85,1200.0
3.90,1200.0
3.95,1200.0
4.00,1200.0
4.05,1200.0
4.10,1200.0
4.15,1200.0
4.20,1200.0
4.25,1200.0
4.30,1200.0
4.35,1200.0
4.40,1200.0
4.45,1200.0
4.50,1200.0
4.55,1200.0
4.60,1200.0
4.65,1200.0
4.70,1200.0
4.75,1200.0
4.80,1200.0
4.85,1200.0
4.90,1200.0
4.95,1200.0
5.00,1200.0
5.05,1200.0
5.10,1200.0
5.15,1200.0
5.20,1200.0
5.25,1200.0
5.30,1200.0
5.35,1200.0
5.40,1200.0
5.45,1200.0
5.50,1200.0
5.55,1200.0
5.60,1200.0
5.65,1200.0
5.70,1200.0
5.75,1200.0
5.80,1200.0
5.85,1200.0
5.90,1200.0
5.95,1200.0
6.00,1200.0
6.05,1200.0
6.10,1200.0
6.15,1200.0
6.20,1200.0
6.25,1200.0
6.30,1200.0
6.35,1200.0
6.40,1200.0
6.45,1200.0
6.50,1200.0
6.55,1200.0
6.60,1200.0
6.65,1200.0
6.70,0.0
6.75,1200.0
6.80,1200.0
6.85,1200.0
6.90,1200.0
6.95,1200.0
7.00,1200.0
7.05,1200.0
7.10,1200.0
7.15,1200.0
7.20,1200.0
7.25,1200.0
7.30,1200.0
7.35,1200.0
7.40,1200.0
7.45,1200.0
7.50,1200.0
7.55,1200.0
7.60,1200.0
7.65,1200.0
7.70,1200.0
7.75,1200.0
7.80,1200.0
7.85,1200.0
7.90,1200.0
7.95,1200.0
8.00,1200.0
8.05,1200.0
8.10,1200.0
8.15,1200.0
8.20,0.0
8.25,1200.0
8.30,1200.0
8.35,1200.0
8.40,1200.0
8.45,1200.0
8.50,1200.0
8.55,1200.0
8.60,1200.0
8.65,1200.0
8.70,1200.0
8.75,1200.0
8.80,1200.0
8.85,1200.0
8.90,1200.0
8.95,1200.0
9.00,1200.0
9.05,1200.0
9.10,1200.0
9.15,1200.0
9.20,1200.0
9.25,1200.0
9.30,1200.0
9.35,1200.0
9.40,1200.0
9.45,1200.0
9.50,1200.0
9.55,1200.0
9.60,1200.0
9.65,1200.0
9.70,1200.0
9.75,
9.80,1200.0
9.85,1200.0
9.90,1200.0
9.95,1200.0
10.00,1200.0
10.05,1200.0
10.10,1200.0
10.15,1200.0
10.20,1200.0
10.25,1200.0
10.30,1200.0
10.35,1200.0
10.40,1200.0
10.45,1200.0
10.50,1200.0
10.55,1200.0
10.60,1200.0
10.65,1200.0
10.70,1200.0
10.75,1200.0
10.80,1200.0
10.85,1200.0
10.90,1200.0
10.95,1200.0
11.00,1200.0
11.05,1200.0
11.10,1200.0
11.15,1200.0
11.20,1200.0
11.25,1200.0
11.30,1200.0
11.35,1200.0
11.40,1200.0
11.45,1200.0
11.50,1200.0
11.55,1200.0
11.60,1200.0
11.65,1200.0
11.70,1200.0
11.75,1200.0
11.80,1200.0
11.85,1200.0
11.90,1200.0
11.95,1200.0
12.00,1200.0
12.05,1200.0
12.10,1200.0
12.15,1200.0
12.20,
12.25,1200.0
12.30,1200.0
12.35,1200.0
12.40,1200.0
12.45,1200.0
12.50,1200.0
12.55,1200.0
12.60,1200.0
12.65,1200.0
12.70,1200.0
12.75,1200.0
12.80,1200.0
12.85,1200.0
12.90,1200.0
12.95,1200.0
13.00,1200.0
13.05,1200.0
13.10,1200.0
13.15,1200.0
13.20,1200.0
13.25,1200.0
13.30,1200.0
13.35,1200.0
13.40,1200.0
13.45,1200.0
13.50,1200.0
13.55,1200.0
13.60,1200.0
13.65,1200.0
13.70,1200.0
13.75,1200.0
13.80,1200.0
13.85,1200.0
13.90,1200.0
13.95,1200.0
14.00,1200.0
14.05,1200.0
14.10,1200.0
14.15,1200.0
14.20,1200.0
14.25,1200.0
14.30,1200.0
14.35,1200.0
14.40,1200.0
14.45,1200.0
14.50,1200.0
14.55,1200.0
14.60,0.0
14.65,1200.0
14.70,1200.0
14.75,1200.0
14.80,1200.0
14.85,1200.0
14.90,1200.0
14.95,1200.0
15.00,1200.0
15.05,1200.0
15.10,1200.0
15.15,1200.0
15.20,1200.0
15.25,1200.0
15.30,1200.0
15.35,1200.0
15.40,0.0
15.45,1200.0
15.50,1200.0
15.55,1200.0
15.60,1200.0
15.65,1200.0
15.70,1200.0
15.75,1200.0
15.80,1200.0
15.85,1200.0
15.90,1200.0
15.95,1200.0
16.00,1200.0
16.05,1200.0
16.10,1200.0
16.15,0.0
16.20,1200.0
16.25,1200.0
16.30,1200.0
16.35,1200.0
16.40,1200.0
16.45,1200.0
16.50,1200.0
16.55,1200.0
16.60,1200.0
16.65,1200.0
16.70,1200.0
16.75,1200.0
16.80,1200.0
16.85,1200.0
16.90,1200.0
16.95,1200.0
17.00,1200.0
17.05,1200.0
17.10,1200.0
17.15,1200.0
17.20,1200.0
17.25,1200.0
17.30,1200.0
17.35,1200.0
17.40,1200.0
17.45,1200.0
17.50,1200.0
17.55,1200.0
17.60,1200.0
17.65,1200.0
17.70,1200.0
17.75,1200.0
17.80,1200.0
17.85,1200.0
17.90,1200.0
17.95,1200.0
18.00,1200.0
18.05,1200.0
18.10,1200.0
18.15,1200.0
18.20,1200.0
18.25,1200.0
18.30,1200.0
18.35,1200.0
18.40,1200.0
18.45,1200.0
18.50,1200.0
18.55,1200.0
18.60,1200.0
18.65,1200.0
18.70,0.0
18.75,1200.0
18.80,1200.0
18.85,1200.0
18.90,1200.0
18.95,1200.0
19.00,1200.0
19.05,1200.0
19.10,1200.0
19.15,1200.0
19.20,1200.0
19.25,1200.0
19.30,1200.0
19.35,1200.0
19.40,1200.0
19.45,1200.0
19.50,1200.0
19.55,1200.0
19.60,1200.0
19.65,1200.0
19.70,1200.0
19.75,1200.0
19.80,1200.0
19.85,1200.0
19.90,1200.0
19.95,1200.0
20.00,1200.0
20.05,1200.0
20.10,1200.0
20.15,1200.0
20.20,1200.0
20.25,1200.0
20.30,1200.0
20.35,1200.0
20.40,1200.0
20.45,1200.0
20.50,1200.0
20.55,1200.0
20.60,1200.0
20.65,1200.0
20.70,1200.0
20.75,1200.0
20.80,1200.0
20.85,1200.0
20.90,1200.0
20.95,1200.0
21.00,1200.0
21.05,1200.0
21.10,1200.0
21.15,1200.0
21.20,1200.0
21.25,1200.0
21.30,1200.0
21.35,1200.0
21.40,1200.0
21.45,1200.0
21.50,1200.0
21.55,1200.0
21.60,1200.0
21.65,1200.0
21.70,1200.0
21.75,1200.0
21.80,1200.0
21.85,1200.0
21.90,1200.0
21.95,1200.0
22.00,1200.0
22.05,1200.0
22.10,1200.0
22.15,1200.0
22.20,1200.0
22.25,1200.0
22.30,1200.0
22.35,1200.0
22.40,1200.0
22.45,1200.0
22.50,1200.0
22.55,1200.0
22.60,1200.0
22.65,1200.0
22.70,1200.0
22.75,1200.0
22.80,1200.0
22.85,1200.0
22.90,1200.0
22.95,1200.0
23.00,1200.0
23.05,1200.0
23.10,1200.0
23.15,1200.0
23.20,1200.0
23.25,1200.0
23.30,1200.0
23.35,1200.0
23.40,1200.0
23.45,1200.0
23.50,1200.0
23.55,1200.0
23.60,1200.0
23.65,1200.0
23.70,1200.0
23.75,1200.0
23.80,1200.0
23.85,1200.0
23.90,1200.0
23.95,1200.0
24.00,1200.0
24.05,1200.0
24.10,1200.0
24.15,0.0
24.20,1200.0
24.25,1200.0
24.30,1200.0
24.35,1200.0
24.40,1200.0
24.45,1200.0
24.50,1200.0
24.55,1200.0
24.60,1200.0
24.65,1200.0
24.70,1200.0
24.75,1200.0
24.80,1200.0
24.85,1200.0
24.90,1200.0
24.95,1200.0
25.00,1200.0
25.05,1200.0
25.10,1200.0
25.15,1200.0
25.20,1200.0
25.25,1200.0
25.30,1200.0
25.35,1200.0
25.40,1200.0
25.45,1200.0
25.50,1200.0
25.55,1200.0
25.60,1200.0
25.65,1200.0
25.70,1200.0
25.75,1200.0
25.80,1200.0
25.85,1200.0
25.90,1200.0
25.95,1200.0
26.00,1200.0
26.05,1200.0
26.10,1200.0
26.15,1200.0
26.20,1200.0
26.25,1200.0
26.30,1200.0
26.35,1200.0
26.40,1200.0
26.45,1200.0
26.50,1200.0
26.55,1200.0
26.60,1200.0
26.65,1200.0
26.70,1200.0
26.75,1200.0
26.80,1200.0
26.85,1200.0
26.90,1200.0
26.95,1200.0
27.00,1200.0
27.05,1200.0
27.10,1200.0
27.15,1200.0
27.20,1200.0
27.25,1200.0
27.30,1200.0
27.35,1200.0
27.40,1200.0
27.45,1200.0
27.50,1200.0
27.55,1200.0
27.60,1200.0
27.65,1200.0
27.70,1200.0
27.75,1200.0
27.80,1200.0
27.85,1200.0
27.90,1200.0
27.95,1200.0
28.00,1200.0
28.05,1200.0
28.10,1200.0
28.15,1200.0
28.20,1200.0
28.25,1200.0
28.30,1200.0
28.35,1200.0
28.40,1200.0
28.45,1200.0
28.50,1200.0
28.55,1200.0
28.60,1200.0
28.65,1200.0
28.70,1200.0
28.75,1200.0
28.80,1200.0
28.85,1200.0
28.90,1200.0
28.95,1200.0
29.00,1200.0
29.05,1200.0
29.10,1200.0
29.15,1200.0
29.20,1200.0
29.25,1200.0
29.30,1200.0
29.35,1200.0
29.40,1200.0
29.45,1200.0
29.50,1200.0
29.55,1200.0
29.60,1200.0
29.65,1200.0
29.70,1200.0
29.75,1200.0
29.80,1200.0
29.85,1200.0
29.90,1200.0
29.95,1200.0
30.00,1200.0
30.05,1200.0
30.10,1200.0
30.15,1200.0
30.20,1200.0
30.25,1200.0
30.30,1200.0
30.35,1200.0
30.40,1200.0
30.45,1200.0
30.50,1200.0
30.55,1200.0
30.60,1200.0
30.65,1200.0
30.70,1200.0
30.75,1200.0
30.80,1200.0
30.85,1200.0
30.90,1200.0
30.95,1200.0
31.00,1200.0
31.05,1200.0
31.10,1200.0
31.15,1200.0
31.20,1200.0
31.25,1200.0
31.30,1200.0
31.35,1200.0
31.40,1200.0
31.45,1200.0
31.50,1200.0
31.55,1200.0
31.60,1200.0
31.65,1200.0
31.70,1200.0
31.75,1200.0
31.80,1200.0
31.85,1200.0
31.90,1200.0
31.95,1200.0
32.00,1200.0
32.05,0.0
32.10,1200.0
32.15,1200.0
32.20,1200.0
32.25,1200.0
32.30,1200.0
32.35,1200.0
32.40,1200.0
32.45,1200.0
32.50,1200.0
32.55,1200.0
32.60,1200.0
32.65,1200.0
32.70,1200.0
32.75,1200.0
32.80,1200.0
32.85,1200.0
32.90,1200.0
32.95,1200.0
33.00,1200.0
33.05,1200.0
33.10,1200.0
33.15,1200.0
33.20,1200.0
33.25,1200.0
33.30,1200.0
33.35,1200.0
33.40,1200.0
33.45,1200.0
33.50,1200.0
33.55,1200.0
33.60,1200.0
33.65,1200.0
33.70,1200.0
33.75,1200.0
33.80,1200.0
33.85,1200.0
33.90,1200.0
33.95,1200.0
34.00,1200.0
34.05,0.0
34.10,1200.0
34.15,1200.0
34.20,1200.0
34.25,1200.0
34.30,1200.0
34.35,1200.0
34.40,1200.0
34.45,1200.0
34.50,1200.0
34.55,1200.0
34.60,1200.0
34.65,1200.0
34.70,1200.0
34.75,1200.0
34.80,1200.0
34.85,1200.0
34.90,1200.0
34.95,1200.0
35.00,1200.0
35.05,1200.0
35.10,1200.0
35.15,1200.0
35.20,1200.0
35.25,1200.0
35.30,1200.0
35.35,1200.0
35.40,1200.0
35.45,1200.0
35.50,1200.0
35.55,1200.0
35.60,1200.0
35.65,1200.0
35.70,1200.0
35.75,1200.0
35.80,1200.0
35.85,1200.0
35.90,1200.0
35.95,1200.0
36.00,1200.0
36.05,1200.0
36.10,1200.0
36.15,1200.0
36.20,1200.0
36.25,1200.0
36.30,1200.0
36.35,1200.0
36.40,1200.0
36.45,0.0
36.50,1200.0
36.55,1200.0
36.60,1200.0
36.65,1200.0
36.70,1200.0
36.75,1200.0
36.80,1200.0
36.85,1200.0
36.90,1200.0
36.95,1200.0
37.00,1200.0
37.05,1200.0
37.10,1200.0
37.15,1200.0
37.20,1200.0
37.25,1200.0
37.30,1200.0
37.35,1200.0
37.40,1200.0
37.45,1200.0
37.50,1200.0
37.55,1200.0
37.60,1200.0
37.65,1200.0
37.70,1200.0
37.75,1200.0
37.80,0.0
37.85,1200.0
37.90,1200.0
37.95,1200.0
38.00,1200.0
38.05,1200.0
38.10,1200.0
38.15,1200.0
38.20,1200.0
38.25,1200.0
38.30,1200.0
38.35,1200.0
38.40,1200.0
38.45,1200.0
38.50,1200.0
38.55,1200.0
38.60,1200.0
38.65,1200.0
38.70,1200.0
38.75,1200.0
38.80,1200.0
38.85,1200.0
38.90,1200.0
38.95,1200.0
39.00,1200.0
39.05,1200.0
39.10,1200.0
39.15,1200.0
39.20,1200.0
39.25,1200.0
39.30,1200.0
39.35,1200.0
39.40,1200.0
39.45,1200.0
39.50,1200.0
39.55,1200.0
39.60,1200.0
39.65,1200.0
39.70,1200.0
39.75,1200.0
39.80,1200.0
39.85,1200.0
39.90,1200.0
39.95,1200.0
40.00,1200.0
40.05,1200.0
40.10,1200.0
40.15,1200.0
40.20,1200.0
40.25,1200.0
40.30,1200.0
40.35,1200.0
40.40,1200.0
40.45,1200.0
40.50,1200.0
40.55,1200.0
40.60,1200.0
40.65,1200.0
40.70,1200.0
40.75,1200.0
40.80,1200.0
40.85,1200.0
40.90,1200.0
40.95,1200.0
41.00,1200.0
41.05,1200.0
41.10,1200.0
41.15,1200.0
41.20,1200.0
41.25,1200.0
41.30,1200.0
41.35,1200.0
41.40,1200.0
41.45,1200.0
41.50,1200.0
41.55,1200.0
41.60,1200.0
41.65,1200.0
41.70,1200.0
41.75,1200.0
41.80,1200.0
41.85,1200.0
41.90,1200.0
41.95,1200.0
42.00,1200.0
42.05,1200.0
42.10,1200.0
42.15,1200.0
42.20,1200.0
42.25,1200.0
42.30,1200.0
42.35,1200.0
42.40,1200.0
42.45,1200.0
42.50,1200.0
42.55,1200.0
42.60,1200.0
42.65,1200.0
42.70,1200.0
42.75,1200.0
42.80,1200.0
42.85,1200.0
42.90,1200.0
42.95,1200.0
43.00,1200.0
43.05,1200.0
43.10,1200.0
43.15,1200.0
43.20,1200.0
43.25,1200.0
43.30,1200.0
43.35,1200.0
43.40,1200.0
43.45,1200.0
43.50,1200.0
43.55,1200.0
43.60,1200.0
43.65,1200.0
43.70,1200.0
43.75,1200.0
43.80,1200.0
43.85,1200.0
43.90,1200.0
43.95,1200.0
44.00,1200.0
44.05,1200.0
44.10,1200.0
44.15,1200.0
44.20,1200.0
44.25,1200.0
44.30,1200.0
44.35,1200.0
44.40,1200.0
44.45,1200.0
44.50,1200.0
44.55,1200.0
44.60,1200.0
44.65,1200.0
44.70,1200.0
44.75,1200.0
44.80,1200.0
44.85,1200.0
44.90,1200.0
44.95,1200.0
45.00,1200.0
45.05,1200.0
45.10,1200.0
45.15,1200.0
45.20,1200.0
45.25,1200.0
45.30,0.0
45.35,1200.0
45.40,1200.0
45.45,1200.0
45.50,1200.0
45.55,1200.0
45.60,1200.0
45.65,1200.0
45.70,1200.0
45.75,1200.0
45.80,1200.0
45.85,1200.0
45.90,1200.0
45.95,1200.0
46.00,1200.0
46.05,1200.0
46.10,1200.0
46.15,1200.0
46.20,1200.0
46.25,1200.0
46.30,1200.0
46.35,1200.0
46.40,1200.0
46.45,1200.0
46.50,1200.0
46.55,1200.0
46.60,1200.0
46.65,1200.0
46.70,1200.0
46.75,1200.0
46.80,1200.0
46.85,1200.0
46.90,1200.0
46.95,1200.0
47.00,1200.0
47.05,1200.0
47.10,1200.0
47.15,1200.0
47.20,1200.0
47.25,1200.0
47.30,1200.0
47.35,1200.0
47.40,1200.0
47.45,1200.0
47.50,1200.0
47.55,1200.0
47.60,1200.0
47.65,1200.0
47.70,1200.0
47.75,
47.80,1200.0
47.85,1200.0
47.90,1200.0
47.95,1200.0
48.00,1200.0
48.05,1200.0
48.10,1200.0
48.15,1200.0
48.20,1200.0
48.25,1200.0
48.30,1200.0
48.35,1200.0
48.40,1200.0
48.45,1200.0
48.50,1200.0
48.55,1200.0
48.60,1200.0
48.65,1200.0
48.70,1200.0
48.75,1200.0
48.80,1200.0
48.85,1200.0
48.90,1200.0
48.95,1200.0
49.00,1200.0
49.05,1200.0
49.10,1200.0
49.15,1200.0
49.20,1200.0
49.25,1200.0
49.30,1200.0
49.35,1200.0
49.40,1200.0
49.45,1200.0
49.50,1200.0
49.55,1200.0
49.60,1200.0
49.65,1200.0
49.70,1200.0
49.75,1200.0
49.80,1200.0
49.85,1200.0
49.90,1200.0
49.95,1200.0
50.00,1200.0
50.05,1200.0
50.10,1200.0
50.15,1200.0
50.20,1200.0
50.25,1200.0
50.30,1200.0
50.35,1200.0
50.40,1200.0
50.45,1200.0
50.50,1200.0
50.55,1200.0
50.60,1200.0
50.65,1200.0
50.70,1200.0
50.75,1200.0
50.80,1200.0
50.85,1200.0
50.90,1200.0
50.95,1200.0
51.00,1200.0
51.05,1200.0
51.10,1200.0
51.15,1200.0
51.20,1200.0
51.25,1200.0
51.30,1200.0
51.35,1200.0
51.40,1200.0
51.45,1200.0
51.50,1200.0
51.55,1200.0
51.60,1200.0
51.65,1200.0
51.70,1200.0
51.75,1200.0
51.80,1200.0
51.85,1200.0
51.90,1200.0
51.95,1200.0
52.00,1200.0
52.05,1200.0
52.10,1200.0
52.15,1200.0
52.20,1200.0
52.25,1200.0
52.30,1200.0
52.35,1200.0
52.40,1200.0
52.45,1200.0
52.50,1200.0
52.55,1200.0
52.60,0.0
52.65,1200.0
52.70,1200.0
52.75,1200.0
52.80,1200.0
52.85,1200.0
52.90,1200.0
52.95,1200.0
53.00,1200.0
53.05,1200.0
53.10,1200.0
53.15,1200.0
53.20,1200.0
53.25,1200.0
53.30,1200.0
53.35,1200.0
53.40,1200.0
53.45,1200.0
53.50,1200.0
53.55,1200.0
53.60,1200.0
53.65,1200.0
53.70,1200.0
53.75,1200.0
53.80,1200.0
53.85,1200.0
53.90,1200.0
53.95,1200.0
54.00,1200.0
54.05,1200.0
54.10,1200.0
54.15,1200.0
54.20,1200.0
54.25,1200.0
54.30,1200.0
54.35,1200.0
54.40,1200.0
54.45,1200.0
54.50,1200.0
54.55,1200.0
54.60,1200.0
54.65,0.0
54.70,1200.0
54.75,1200.0
54.80,1200.0
54.85,1200.0
54.90,1200.0
54.95,1200.0
55.00,1200.0
55.05,1200.0
55.10,1200.0
55.15,1200.0
55.20,1200.0
55.25,1200.0
55.30,1200.0
55.35,1200.0
55.40,1200.0
55.45,1200.0
55.50,1200.0
55.55,1200.0
55.60,1200.0
55.65,1200.0
55.70,1200.0
55.75,1200.0
55.80,1200.0
55.85,1200.0
55.90,1200.0
55.95,1200.0
56.00,1200.0
56.05,1200.0
56.10,1200.0
56.15,1200.0
56.20,1200.0
56.25,1200.0
56.30,1200.0
56.35,1200.0
56.40,1200.0
56.45,1200.0
56.50,1200.0
56.55,1200.0
56.60,1200.0
56.65,1200.0
56.70,1200.0
56.75,1200.0
56.80,1200.0
56.85,1200.0
56.90,1200.0
56.95,1200.0
57.00,1200.0
57.05,1200.0
57.10,1200.0
57.15,1200.0
57.20,1200.0
57.25,1200.0
57.30,1200.0
57.35,1200.0
57.40,1200.0
57.45,1200.0
57.50,1200.0
57.55,1200.0
57.60,1200.0
57.65,1200.0
57.70,1200.0
57.75,1200.0
57.80,1200.0
57.85,1200.0
57.90,1200.0
57.95,1200.0
58.00,1200.0
58.05,1200.0
58.10,1200.0
58.15,1200.0
58.20,1200.0
58.25,1200.0
58.30,1200.0
58.35,1200.0
58.40,1200.0
58.45,1200.0
58.50,1200.0
58.55,1200.0
58.60,1200.0
58.65,1200.0
58.70,1200.0
58.75,1200.0
58.80,1200.0
58.85,1200.0
58.90,1200.0
58.95,1200.0
59.00,1200.0
59.05,1200.0
59.10,1200.0
59.15,1200.0
59.20,1200.0
59.25,1200.0
59.30,1200.0
59.35,1200.0
59.40,1200.0
59.45,1200.0
59.50,1200.0
59.55,1200.0
59.60,1200.0
59.65,1200.0
59.70,0.0
59.75,1200.0
59.80,1200.0
59.85,0.0
59.90,1200.0
59.95,1200.0
60.00,1200.0
60.05,1200.0
60.10,1200.0
60.15,1200.0
60.20,1200.0
60.25,1200.0
60.30,1200.0
60.35,1200.0
60.40,1200.0
60.45,1200.0
60.50,1200.0
60.55,1200.0
60.60,1200.0
60.65,1200.0
60.70,1200.0
60.75,1200.0
60.80,1200.0
60.85,1200.0
60.90,1200.0
60.95,1200.0
61.00,1200.0
61.05,1200.0
61.10,1200.0
61.15,1200.0
61.20,1200.0
61.25,1200.0
61.30,1200.0
61.35,1200.0
61.40,1200.0
61.45,1200.0
61.50,1200.0
61.55,1200.0
61.60,1200.0
61.65,1200.0
61.70,1200.0
61.75,1200.0
61.80,1200.0
61.85,1200.0
61.90,1200.0
61.95,1200.0
62.00,1200.0
62.05,1200.0
62.10,1200.0
62.15,1200.0
62.20,1200.0
62.25,1200.0
62.30,1200.0
62.35,1200.0
62.40,1200.0
62.45,1200.0
62.50,1200.0
62.55,1200.0
62.60,1200.0
62.65,1200.0
62.70,1200.0
62.75,1200.0
62.80,1200.0
62.85,1200.0
62.90,1200.0
62.95,1200.0
63.00,1200.0
63.05,1200.0
63.10,1200.0
63.15,1200.0
63.20,1200.0
63.25,1200.0
63.30,1200.0
63.35,1200.0
63.40,1200.0
63.45,1200.0
63.50,1200.0
63.55,1200.0
63.60,1200.0
63.65,1200.0
63.70,1200.0
63.75,1200.0
63.80,1200.0
63.85,1200.0
63.90,0.0
63.95,1200.0
64.00,1200.0
64.05,1200.0
64.10,1200.0
64.15,1200.0
64.20,1200.0
64.25,1200.0
64.30,1200.0
64.35,1200.0
64.40,1200.0
64.45,1200.0
64.50,1200.0
64.55,1200.0
64.60,1200.0
64.65,1200.0
64.70,1200.0
64.75,1200.0
64.80,1200.0
64.85,1200.0
64.90,1200.0
64.95,1200.0
65.00,1200.0
65.05,1200.0
65.10,1200.0
65.15,1200.0
65.20,1200.0
65.25,1200.0
65.30,1200.0
65.35,1200.0
65.40,1200.0
65.45,1200.0
65.50,1200.0
65.55,1200.0
65.60,1200.0
65.65,1200.0
65.70,1200.0
65.75,1200.0
65.80,1200.0
65.85,0.0
65.90,1200.0
65.95,1200.0
66.00,1200.0
66.05,1200.0
66.10,1200.0
66.15,1200.0
66.20,1200.0
66.25,1200.0
66.30,0.0
66.35,1200.0
66.40,1200.0
66.45,1200.0
66.50,1200.0
66.55,1200.0
66.60,1200.0
66.65,1200.0
66.70,1200.0
66.75,1200.0
66.80,1200.0
66.85,1200.0
66.90,1200.0
66.95,1200.0
67.00,1200.0
67.05,1200.0
67.10,1200.0
67.15,1200.0
67.20,1200.0
67.25,1200.0
67.30,1200.0
67.35,1200.0
67.40,1200.0
67.45,1200.0
67.50,1200.0
67.55,1200.0
67.60,1200.0
67.65,1200.0
67.70,1200.0
67.75,1200.0
67.80,1200.0
67.85,1200.0
67.90,1200.0
67.95,1200.0
68.00,1200.0
68.05,1200.0
68.10,1200.0
68.15,1200.0
68.20,1200.0
68.25,1200.0
68.30,1200.0
68.35,1200.0
68.40,1200.0
68.45,1200.0
68.50,1200.0
68.55,1200.0
68.60,1200.0
68.65,1200.0
68.70,1200.0
68.75,1200.0
68.80,1200.0
68.85,1200.0
68.90,1200.0
68.95,1200.0
69.00,1200.0
69.05,1200.0
69.10,1200.0
69.15,1200.0
69.20,1200.0
69.25,1200.0
69.30,1200.0
69.35,1200.0
69.40,1200.0
69.45,1200.0
69.50,1200.0
69.55,1200.0
69.60,1200.0
69.65,1200.0
69.70,1200.0
69.75,1200.0
69.80,1200.0
69.85,1200.0
69.90,1200.0
69.95,1200.0
70.00,1200.0
70.05,1200.0
70.10,1200.0
70.15,1200.0
70.20,1200.0
70.25,1200.0
70.30,1200.0
70.35,1200.0
70.40,1200.0
70.45,1200.0
70.50,1200.0
70.55,1200.0
70.60,1200.0
70.65,1200.0
70.70,1200.0
70.75,1200.0
70.80,1200.0
70.85,1200.0
70.90,1200.0
70.95,1200.0
71.00,1200.0
71.05,1200.0
71.10,1200.0
71.15,1200.0
71.20,1200.0
71.25,1200.0
71.30,1200.0
71.35,1200.0
71.40,1200.0
71.45,1200.0
71.50,1200.0
71.55,1200.0
71.60,1200.0
71.65,1200.0
71.70,1200.0
71.75,1200.0
71.80,1200.0
71.85,1200.0
71.90,1200.0
71.95,1200.0
72.00,1200.0
72.05,1200.0
72.10,1200.0
72.15,1200.0
72.20,1200.0
72.25,1200.0
72.30,1200.0
72.35,1200.0
72.40,1200.0
72.45,1200.0
72.50,1200.0
72.55,1200.0
72.60,1200.0
72.65,1200.0
72.70,1200.0
72.75,1200.0
72.80,1200.0
72.85,1200.0
72.90,1200.0
72.95,1200.0
73.00,1200.0
73.05,1200.0
73.10,1200.0
73.15,1200.0
73.20,1200.0
73.25,1200.0
73.30,1200.0
73.35,1200.0
73.40,1200.0
73.45,1200.0
73.50,1200.0
73.55,1200.0
73.60,1200.0
73.65,1200.0
73.70,1200.0
73.75,1200.0
73.80,1200.0
73.85,1200.0
73.90,1200.0
73.95,1200.0
74.00,1200.0
74.05,1200.0
74.10,1200.0
74.15,1200.0
74.20,1200.0
74.25,1200.0
74.30,1200.0
74.35,1200.0
74.40,1200.0
74.45,1200.0
74.50,1200.0
74.55,1200.0
74.60,1200.0
74.65,1200.0
74.70,1200.0
74.75,1200.0
74.80,1200.0
74.85,1200.0
74.90,1200.0
74.95,1200.0
75.00,1200.0
75.05,1200.0
75.10,1200.0
75.15,1200.0
75.20,1200.0
75.25,1200.0
75.30,1200.0
75.35,1200.0
75.40,1200.0
75.45,1200.0
75.50,1200.0
75.55,1200.0
75.60,1200.0
75.65,1200.0
75.70,1200.0
75.75,1200.0
75.80,1200.0
75.85,1200.0
75.90,1200.0
75.95,1200.0
76.00,1200.0
76.05,1200.0
76.10,1200.0
76.15,1200.0
76.20,1200.0
76.25,1200.0
76.30,1200.0
76.35,1200.0
76.40,1200.0
76.45,1200.0
76.50,1200.0
76.55,1200.0
76.60,1200.0
76.65,1200.0
76.70,1200.0
76.75,1200.0
76.80,1200.0
76.85,1200.0
76.90,1200.0
76.95,1200.0
77.00,1200.0
77.05,1200.0
77.10,1200.0
77.15,1200.0
77.20,1200.0
77.25,1200.0
77.30,1200.0
77.35,1200.0
77.40,1200.0
77.45,0.0
77.50,1200.0
77.55,1200.0
77.60,1200.0
77.65,1200.0
77.70,1200.0
77.75,1200.0
77.80,1200.0
77.85,1200.0
77.90,1200.0
77.95,1200.0
78.00,1200.0
78.05,1200.0
78.10,1200.0
78.15,1200.0
78.20,1200.0
78.25,1200.0
78.30,1200.0
78.35,1200.0
78.40,1200.0
78.45,1200.0
78.50,1200.0
78.55,1200.0
78.60,1200.0
78.65,1200.0
78.70,1200.0
78.75,1200.0
78.80,1200.0
78.85,1200.0
78.90,1200.0
78.95,1200.0
79.00,1200.0
79.05,1200.0
79.10,1200.0
79.15,1200.0
79.20,1200.0
79.25,1200.0
79.30,1200.0
79.35,1200.0
79.40,0.0
79.45,1200.0
79.50,1200.0
79.55,1200.0
79.60,1200.0
79.65,1200.0
79.70,1200.0
79.75,1200.0
79.80,1200.0
79.85,1200.0
79.90,1200.0
79.95,1200.0
80.00,1200.0
80.05,1200.0
80.10,1200.0
80.15,1200.0
80.20,1200.0
80.25,1200.0
80.30,1200.0
80.35,1200.0
80.40,1200.0
80.45,1200.0
80.50,1200.0
80.55,1200.0
80.60,1200.0
80.65,1200.0
80.70,1200.0
80.75,1200.0
80.80,1200.0
80.85,1200.0
80.90,1200.0
80.95,1200.0
81.00,1200.0
81.05,1200.0
81.10,1200.0
81.15,1200.0
81.20,1200.0
81.25,1200.0
81.30,1200.0
81.35,1200.0
81.40,1200.0
81.45,1200.0
81.50,1200.0
81.55,1200.0
81.60,1200.0
81.65,1200.0
81.70,1200.0
81.75,0.0
81.80,1200.0
81.85,1200.0
81.90,1200.0
81.95,1200.0
82.00,1200.0
82.05,1200.0
82.10,1200.0
82.15,1200.0
82.20,1200.0
82.25,1200.0
82.30,1200.0
82.35,1200.0
82.40,1200.0
82.45,1200.0
82.50,1200.0
82.55,1200.0
82.60,1200.0
82.65,1200.0
82.70,1200.0
82.75,1200.0
82.80,1200.0
82.85,1200.0
82.90,1200.0
82.95,1200.0
83.00,1200.0
83.05,1200.0
83.10,1200.0
83.15,1200.0
83.20,1200.0
83.25,1200.0
83.30,1200.0
83.35,1200.0
83.40,1200.0
83.45,1200.0
83.50,1200.0
83.55,1200.0
83.60,1200.0
83.65,1200.0
83.70,1200.0
83.75,1200.0
83.80,1200.0
83.85,1200.0
83.90,1200.0
83.95,1200.0
84.00,1200.0
84.05,1200.0
84.10,1200.0
84.15,1200.0
84.20,1200.0
84.25,1200.0
84.30,1200.0
84.35,1200.0
84.40,1200.0
84.45,1200.0
84.50,1200.0
84.55,1200.0
84.60,1200.0
84.65,1200.0
84.70,1200.0
84.75,1200.0
84.80,1200.0
84.85,
84.90,1200.0
84.95,1200.0
85.00,1200.0
85.05,1200.0
85.10,1200.0
85.15,1200.0
85.20,1200.0
85.25,1200.0
85.30,1200.0
85.35,1200.0
85.40,1200.0
85.45,1200.0
85.50,1200.0
85.55,1200.0
85.60,1200.0
85.65,1200.0
85.70,1200.0
85.75,1200.0
85.80,1200.0
85.85,1200.0
85.90,1200.0
85.95,1200.0
86.00,1200.0
86.05,1200.0
86.10,1200.0
86.15,1200.0
86.20,1200.0
86.25,1200.0
86.30,1200.0
86.35,1200.0
86.40,1200.0
86.45,1200.0
86.50,1200.0
86.55,1200.0
86.60,1200.0
86.65,1200.0
86.70,1200.0
86.75,1200.0
86.80,1200.0
86.85,1200.0
86.90,1200.0
86.95,1200.0
87.00,1200.0
87.05,1200.0
87.10,1200.0
87.15,1200.0
87.20,1200.0
87.25,1200.0
87.30,1200.0
87.35,1200.0
87.40,1200.0
87.45,1200.0
87.50,1200.0
87.55,1200.0
87.60,1200.0
87.65,1200.0
87.70,1200.0
87.75,1200.0
87.80,1200.0
87.85,1200.0
87.90,1200.0
87.95,1200.0
88.00,1200.0
88.05,1200.0
88.10,1200.0
88.15,1200.0
88.20,1200.0
88.25,1200.0
88.30,1200.0
88.35,1200.0
88.40,1200.0
88.45,1200.0
88.50,1200.0
88.55,1200.0
88.60,1200.0
88.65,1200.0
88.70,1200.0
88.75,1200.0
88.80,1200.0
88.85,1200.0
88.90,1200.0
88.95,1200.0
89.00,1200.0
89.05,1200.0
89.10,1200.0
89.15,1200.0
89.20,1200.0
89.25,1200.0
89.30,1200.0
89.35,1200.0
89.40,1200.0
89.45,1200.0
89.50,1200.0
89.55,1200.0
89.60,1200.0
89.65,1200.0
89.70,1200.0
89.75,1200.0
89.80,1200.0
89.85,1200.0
89.90,1200.0
89.95,1200.0
90.00,1200.0
90.05,1200.0
90.10,1200.0
90.15,1200.0
90.20,1200.0
90.25,1200.0
90.30,1200.0
90.35,1200.0
90.40,1200.0
90.45,1200.0
90.50,1200.0
90.55,1200.0
90.60,1200.0
90.65,1200.0
90.70,1200.0
90.75,1200.0
90.80,1200.0
90.85,1200.0
90.90,1200.0
90.95,1200.0
91.00,1200.0
91.05,1200.0
91.10,1200.0
91.15,1200.0
91.20,1200.0
91.25,1200.0
91.30,1200.0
91.35,1200.0
91.40,1200.0
91.45,1200.0
91.50,1200.0
91.55,1200.0
91.60,1200.0
91.65,1200.0
91.70,1200.0
91.75,1200.0
91.80,1200.0
91.85,1200.0
91.90,1200.0
91.95,1200.0
92.00,1200.0
92.05,1200.0
92.10,1200.0
92.15,1200.0
92.20,1200.0
92.25,1200.0
92.30,1200.0
92.35,1200.0
92.40,1200.0
92.45,1200.0
92.50,1200.0
92.55,1200.0
92.60,1200.0
92.65,1200.0
92.70,1200.0
92.75,1200.0
92.80,1200.0
92.85,1200.0
92.90,1200.0
92.95,1200.0
93.00,1200.0
93.05,1200.0
93.10,1200.0
93.15,1200.0
93.20,1200.0
93.25,1200.0
93.30,1200.0
93.35,1200.0
93.40,1200.0
93.45,1200.0
93.50,1200.0
93.55,1200.0
93.60,1200.0
93.65,1200.0
93.70,1200.0
93.75,1200.0
93.80,1200.0
93.85,1200.0
93.90,1200.0
93.95,1200.0
94.00,1200.0
94.05,1200.0
94.10,1200.0
94.15,1200.0
94.20,1200.0
94.25,1200.0
94.30,1200.0
94.35,1200.0
94.40,1200.0
94.45,1200.0
94.50,1200.0
94.55,1200.0
94.60,1200.0
94.65,1200.0
94.70,1200.0
94.75,1200.0
94.80,1200.0
94.85,1200.0
94.90,1200.0
94.95,1200.0
95.00,1200.0
95.05,1200.0
95.10,1200.0
95.15,1200.0
95.20,1200.0
95.25,1200.0
95.30,1200.0
95.35,1200.0
95.40,1200.0
95.45,1200.0
95.50,1200.0
95.55,1200.0
95.60,1200.0
95.65,1200.0
95.70,1200.0
95.75,1200.0
95.80,1200.0
95.85,1200.0
95.90,1200.0
95.95,1200.0
96.00,1200.0
96.05,1200.0
96.10,1200.0
96.15,1200.0
96.20,1200.0
96.25,1200.0
96.30,1200.0
96.35,1200.0
96.40,1200.0
96.45,1200.0
96.50,1200.0
96.55,1200.0
96.60,1200.0
96.65,1200.0
96.70,1200.0
96.75,1200.0
96.80,1200.0
96.85,1200.0
96.90,1200.0
96.95,1200.0
97.00,1200.0
97.05,1200.0
97.10,1200.0
97.15,1200.0
97.20,1200.0
97.25,1200.0
97.30,1200.0
97.35,1200.0
97.40,1200.0
97.45,1200.0
97.50,1200.0
97.55,1200.0
97.60,1200.0
97.65,1200.0
97.70,1200.0
97.75,1200.0
97.80,1200.0
97.85,1200.0
97.90,1200.0
97.95,1200.0
98.00,1200.0
98.05,1200.0
98.10,1200.0
98.15,1200.0
98.20,1200.0
98.25,1200.0
98.30,1200.0
98.35,1200.0
98.40,1200.0
98.45,1200.0
98.50,1200.0
98.55,1200.0
98.60,1200.0
98.65,1200.0
98.70,1200.0
98.75,1200.0
98.80,1200.0
98.85,1200.0
98.90,1200.0
98.95,1200.0
99.00,1200.0
99.05,1200.0
99.10,1200.0
99.15,1200.0
99.20,1200.0
99.25,1200.0
99.30,1200.0
99.35,1200.0
99.40,1200.0
99.45,1200.0
99.50,1200.0
99.55,1200.0
99.60,1200.0
99.65,1200.0
99.70,1200.0
99.75,1200.0
99.80,1200.0
99.85,1200.0
99.90,1200.0
99.95,1200.0
100.00,1200.0
100.05,1200.0
100.10,1200.0
100.15,1200.0
100.20,1200.0
100.25,1200.0
100.30,1200.0
100.35,1200.0
100.40,1200.0
100.45,1200.0
100.50,1200.0
100.55,1200.0
100.60,1200.0
100.65,1200.0
100.70,1200.0
100.75,1200.0
100.80,1200.0
100.85,1200.0
100.90,1200.0
100.95,1200.0
101.00,1200.0
101.05,1200.0
101.10,1200.0
101.15,1200.0
101.20,1200.0
101.25,1200.0
101.30,1200.0
101.35,1200.0
101.40,1200.0
101.45,1200.0
101.50,1200.0
101.55,1200.0
101.60,1200.0
101.65,1200.0
101.70,1200.0
101.75,1200.0
101.80,1200.0
101.85,1200.0
101.90,1200.0
101.95,1200.0
102.00,1200.0
102.05,1200.0
102.10,1200.0
102.15,1200.0
102.20,1200.0
102.25,1200.0
102.30,1200.0
102.35,1200.0
102.40,1200.0
102.45,1200.0
102.50,1200.0
102.55,1200.0
102.60,1200.0
102.65,1200.0
102.70,1200.0
102.75,1200.0
102.80,1200.0
102.85,1200.0
102.90,1200.0
102.95,1200.0
103.00,1200.0
103.05,1200.0
103.10,1200.0
103.15,1200.0
103.20,1200.0
103.25,1200.0
103.30,1200.0
103.35,1200.0
103.40,1200.0
103.45,1200.0
103.50,1200.0
103.55,1200.0
103.60,1200.0
103.65,1200.0
103.70,1200.0
103.75,1200.0
103.80,1200.0
103.85,1200.0
103.90,1200.0
103.95,1200.0
104.00,1200.0
104.05,1200.0
104.10,1200.0
104.15,1200.0
104.20,1200.0
104.25,1200.0
104.30,1200.0
104.35,1200.0
104.40,1200.0
104.45,1200.0
104.50,1200.0
104.55,1200.0
104.60,1200.0
104.65,1200.0
104.70,1200.0
104.75,1200.0
104.80,1200.0
104.85,1200.0
104.90,1200.0
104.95,1200.0
105.00,1200.0
105.05,1200.0
105.10,1200.0
105.15,0.0
105.20,1200.0
105.25,1200.0
105.30,1200.0
105.35,1200.0
105.40,1200.0
105.45,1200.0
105.50,1200.0
105.55,1200.0
105.60,1200.0
105.65,1200.0
105.70,1200.0
105.75,1200.0
105.80,1200.0
105.85,1200.0
105.90,1200.0
105.95,1200.0
106.00,1200.0
106.05,1200.0
106.10,1200.0
106.15,1200.0
106.20,1200.0
106.25,1200.0
106.30,1200.0
106.35,1200.0
106.40,1200.0
106.45,1200.0
106.50,1200.0
106.55,1200.0
106.60,1200.0
106.65,1200.0
106.70,1200.0
106.75,1200.0
106.80,1200.0
106.85,1200.0
106.90,1200.0
106.95,1200.0
107.00,1200.0
107.05,1200.0
107.10,1200.0
107.15,1200.0
107.20,1200.0
107.25,1200.0
107.30,1200.0
107.35,1200.0
107.40,1200.0
107.45,1200.0
107.50,1200.0
107.55,1200.0
107.60,1200.0
107.65,1200.0
107.70,1200.0
107.75,1200.0
107.80,1200.0
107.85,1200.0
107.90,1200.0
107.95,1200.0
108.00,1200.0
108.05,1200.0
108.10,1200.0
108.15,1200.0
108.20,1200.0
108.25,1200.0
108.30,1200.0
108.35,1200.0
108.40,1200.0
108.45,1200.0
108.50,1200.0
108.55,1200.0
108.60,0.0
108.65,1200.0
108.70,1200.0
108.75,1200.0
108.80,1200.0
108.85,1200.0
108.90,1200.0
108.95,1200.0
109.00,1200.0
109.05,1200.0
109.10,1200.0
109.15,1200.0
109.20,1200.0
109.25,1200.0
109.30,1200.0
109.35,1200.0
109.40,1200.0
109.45,1200.0
109.50,1200.0
109.55,1200.0
109.60,1200.0
109.65,1200.0
109.70,1200.0
109.75,1200.0
109.80,1200.0
109.85,1200.0
109.90,1200.0
109.95,1200.0
110.00,1200.0
110.05,1200.0
110.10,1200.0
110.15,1200.0
110.20,1200.0
110.25,1200.0
110.30,1200.0
110.35,1200.0
110.40,1200.0
110.45,1200.0
110.50,1200.0
110.55,1200.0
110.60,1200.0
110.65,1200.0
110.70,1200.0
110.75,1200.0
110.80,1200.0
110.85,1200.0
110.90,1200.0
110.95,1200.0
111.00,1200.0
111.05,1200.0
111.10,1200.0
111.15,1200.0
111.20,1200.0
111.25,1200.0
111.30,1200.0
111.35,1200.0
111.40,1200.0
111.45,1200.0
111.50,1200.0
111.55,1200.0
111.60,1200.0
111.65,1200.0
111.70,1200.0
111.75,1200.0
111.80,1200.0
111.85,1200.0
111.90,1200.0
111.95,1200.0
112.00,1200.0
112.05,1200.0
112.10,1200.0
112.15,1200.0
112.20,0.0
112.25,1200.0
112.30,1200.0
112.35,1200.0
112.40,1200.0
112.45,1200.0
112.50,1200.0
112.55,1200.0
112.60,1200.0
112.65,1200.0
112.70,1200.0
112.75,1200.0
112.80,902.3
112.85,856.7
112.90,817.6
112.95,775.6
113.00,735.6
113.05,694.5
113.10,653.5
113.15,614.8
113.20,578.4
113.25,542.6
113.30,504.1
113.35,0.0
113.40,437.2
113.45,408.1
113.50,380.3
113.55,352.1
113.60,328.3
113.65,307.3
113.70,283.0
113.75,263.0
113.80,247.4
113.85,228.1
113.90,213.5
113.95,200.3
114.00,190.1
114.05,178.8
114.10,174.1
114.15,163.4
114.20,159.4
114.25,157.6
114.30,159.3
114.35,153.9
114.40,154.7
114.45,148.2
114.50,152.6
114.55,152.1
114.60,151.9
114.65,151.0
114.70,149.7
114.75,150.9
114.80,147.2
114.85,150.3
114.90,149.1
114.95,154.1
115.00,149.5
115.05,152.8
115.10,153.8
115.15,150.4
115.20,149.6
115.25,151.9
115.30,153.9
115.35,152.2
115.40,151.6
115.45,0.0
115.50,152.4
115.55,151.7
115.60,153.6
115.65,152.9
115.70,153.9
115.75,148.6
115.80,151.7
115.85,153.5
115.90,150.3
115.95,153.6
116.00,153.0
116.05,152.9
116.10,149.8
116.15,149.3
116.20,149.8
116.25,150.4
116.30,152.8
116.35,151.0
116.40,150.7
116.45,147.3
116.50,149.0
116.55,151.7
116.60,148.0
116.65,151.6
116.70,151.8
116.75,156.0
116.80,150.6
116.85,155.1
116.90,154.5
116.95,151.8
117.00,150.8
117.05,150.8
117.10,149.9
117.15,150.4
117.20,151.9
117.25,154.4
117.30,148.6
117.35,151.8
117.40,153.2
117.45,150.3
117.50,151.1
117.55,149.4
117.60,151.4
117.65,149.7
117.70,152.3
117.75,151.8
117.80,151.3
117.85,150.0
117.90,150.9
117.95,149.8
118.00,153.2
118.05,150.3
118.10,153.6
118.15,153.3
118.20,150.3
118.25,150.8
118.30,150.8
118.35,153.8
118.40,154.0
118.45,147.2
118.50,151.9
118.55,153.3
118.60,153.5
118.65,153.4
118.70,155.7
118.75,153.5
118.80,147.4
118.85,150.3
118.90,145.7
118.95,150.8
119.00,155.6
119.05,150.2
119.10,151.2
119.15,151.9
119.20,157.4
119.25,151.4
119.30,153.5
119.35,152.8
119.40,151.0
119.45,150.2
119.50,150.8
119.55,151.3
119.60,148.4
119.65,150.9
119.70,149.2
119.75,150.8
119.80,149.3
119.85,152.1
119.90,150.3
119.95,155.5
120.00,150.3
120.05,150.6
120.10,153.1
120.15,155.4
120.20,152.6
120.25,152.3
120.30,152.9
120.35,152.0
120.40,150.9
120.45,153.6
120.50,149.8
120.55,151.2
120.60,149.4
120.65,147.8
120.70,153.4
120.75,151.6
120.80,151.4
120.85,153.1
120.90,150.8
120.95,150.2
121.00,152.5
121.05,151.9
121.10,147.5
121.15,155.0
121.20,156.8
121.25,151.7
121.30,150.7
121.35,150.7
121.40,151.6
121.45,153.3
121.50,152.9
121.55,149.7
121.60,149.6
121.65,157.6
121.70,149.9
121.75,154.3
121.80,149.7
121.85,153.3
121.90,154.8
121.95,153.7
122.00,156.1
122.05,151.1
122.10,154.8
122.15,154.8
122.20,149.4
122.25,154.8
122.30,151.8
122.35,150.9
122.40,151.8
122.45,153.6
122.50,153.3
122.55,154.2
122.60,149.7
122.65,148.9
122.70,154.0
122.75,153.8
122.80,152.7
122.85,149.8
122.90,155.4
122.95,151.2
123.00,150.0
123.05,152.9
123.10,152.5
123.15,146.9
123.20,153.3
123.25,151.0
123.30,153.6
123.35,153.8
123.40,152.7
123.45,153.8
123.50,154.2
123.55,151.1
123.60,152.3
123.65,150.0
123.70,151.2
123.75,150.6
123.80,150.8
123.85,153.9
123.90,155.3
123.95,150.0
124.00,152.0
124.05,151.6
124.10,150.8
124.15,150.4
124.20,153.2
124.25,153.6
124.30,150.1
124.35,147.3
124.40,150.9
124.45,148.7
124.50,153.3
124.55,153.9
124.60,148.9
124.65,153.3
124.70,153.6
124.75,153.1
124.80,149.3
124.85,150.5
124.90,153.1
124.95,152.0
125.00,147.9
125.05,152.6
125.10,153.7
125.15,152.7
125.20,152.9
125.25,151.3
125.30,153.8
125.35,151.3
125.40,150.8
125.45,155.3
125.50,156.1
125.55,151.6
125.60,0.0
125.65,150.6
125.70,151.5
125.75,154.8
125.80,152.6
125.85,149.5
125.90,147.5
125.95,155.8
126.00,150.4
126.05,148.3
126.10,153.5
126.15,151.3
126.20,153.2
126.25,152.5
126.30,149.7
126.35,149.8
126.40,152.2
126.45,148.8
126.50,152.1
126.55,153.6
126.60,153.3
126.65,
126.70,147.9
126.75,150.9
126.80,152.6
126.85,154.0
126.90,148.6
126.95,152.6
127.00,153.7
127.05,154.5
127.10,152.0
127.15,151.4
127.20,153.0
127.25,153.7
127.30,149.0
127.35,147.9
127.40,153.5
127.45,151.3
127.50,152.8
127.55,152.7
127.60,151.8
127.65,155.1
127.70,152.2
127.75,151.3
127.80,151.8
127.85,147.5
127.90,152.5
127.95,150.9
128.00,0.0
128.05,152.1
128.10,149.4
128.15,154.0
128.20,156.0
128.25,156.7
128.30,151.6
128.35,150.4
128.40,155.0
128.45,151.0
128.50,152.8
128.55,149.5
128.60,154.8
128.65,155.1
128.70,153.0
128.75,150.9
128.80,152.8
128.85,149.2
128.90,148.3
128.95,153.3
129.00,154.2
129.05,151.7
129.10,149.5
129.15,151.9
129.20,151.3
129.25,155.9
129.30,150.9
129.35,150.6
129.40,153.4
129.45,151.6
129.50,150.0
129.55,150.3
129.60,153.0
129.65,153.7
129.70,0.0
129.75,152.4
129.80,152.8
129.85,148.5
129.90,155.6
129.95,148.4
130.00,153.2
130.05,155.5
130.10,150.3
130.15,150.0
130.20,148.7
130.25,151.6
130.30,152.2
130.35,155.3
130.40,154.8
130.45,150.0
130.50,152.9
130.55,154.4
130.60,156.4
130.65,152.6
130.70,153.1
130.75,150.8
130.80,149.4
130.85,153.7
130.90,152.3
130.95,153.4
131.00,152.1
131.05,149.4
131.10,151.1
131.15,155.0
131.20,147.4
131.25,152.4
131.30,150.4
131.35,153.7
131.40,150.7
131.45,153.1
131.50,151.2
131.55,152.1
131.60,149.6
131.65,150.4
131.70,151.4
131.75,154.7
131.80,150.9
131.85,148.6
131.90,153.5
131.95,154.5
132.00,151.2
132.05,152.1
132.10,152.8
132.15,148.7
132.20,151.0
132.25,151.6
132.30,154.8
132.35,153.0
132.40,155.1
132.45,152.3
132.50,154.8
132.55,152.6
132.60,150.4
132.65,152.5
132.70,152.3
132.75,152.8
132.80,157.4
132.85,155.1
132.90,155.4
132.95,151.3
133.00,146.8
133.05,154.7
133.10,153.3
133.15,147.1
133.20,153.9
133.25,151.8
133.30,150.8
133.35,0.0
133.40,148.6
133.45,153.9
133.50,153.9
133.55,152.2
133.60,151.8
133.65,151.6
133.70,150.9
133.75,152.9
133.80,153.4
133.85,151.7
133.90,155.1
133.95,151.3
134.00,152.0
134.05,150.7
134.10,153.9
134.15,150.3
134.20,150.9
134.25,152.1
134.30,151.7
134.35,155.4
134.40,150.7
134.45,153.2
134.50,152.1
134.55,154.0
134.60,150.0
134.65,148.8
134.70,146.3
134.75,148.8
134.80,154.0
134.85,154.9
134.90,153.5
134.95,151.5
135.00,151.0
135.05,153.6
135.10,151.7
135.15,154.9
135.20,156.3
135.25,155.4
135.30,164.0
135.35,163.8
135.40,166.5
135.45,172.1
135.50,176.4
135.55,180.7
135.60,185.8
135.65,194.8
135.70,202.0
135.75,206.5
135.80,217.7
135.85,223.4
135.90,232.2
135.95,242.9
136.00,249.1
136.05,262.3
136.10,272.8
136.15,284.8
136.20,296.8
136.25,309.3
136.30,319.4
136.35,327.4
136.40,339.3
136.45,356.3
136.50,367.3
136.55,381.5
136.60,398.6
136.65,411.7
136.70,428.5
136.75,440.4
136.80,
136.85,467.3
136.90,487.8
136.95,504.0
137.00,519.6
137.05,536.0
137.10,555.4
137.15,568.6
137.20,588.9
137.25,612.4
137.30,626.8
137.35,647.8
137.40,666.3
137.45,681.8
137.50,708.4
137.55,726.5
137.60,748.9
137.65,770.4
137.70,0.0
137.75,812.1
137.80,834.4
137.85,859.6
137.90,883.4
137.95,904.6
138.00,924.5
138.05,949.3
138.10,976.9
138.15,998.0
138.20,1025.2
138.25,1049.2
138.30,1074.0
138.35,1103.5
138.40,1125.1
138.45,1156.3
138.50,1178.7
138.55,1200.0
138.60,1200.0
138.65,1200.0
138.70,1200.0
138.75,1200.0
138.80,1200.0
138.85,1200.0
138.90,1200.0
138.95,1200.0
139.00,1200.0
139.05,1200.0
139.10,1200.0
139.15,1200.0
139.20,1200.0
139.25,1200.0
139.30,1200.0
139.35,1200.0
139.40,1200.0
139.45,1200.0
139.50,1200.0
139.55,1200.0
139.60,1200.0
139.65,1200.0
139.70,1200.0
139.75,1200.0
139.80,1200.0
139.85,1200.0
139.90,1200.0
139.95,1200.0
140.00,1200.0
140.05,1200.0
140.10,1200.0
140.15,1200.0
140.20,1200.0
140.25,1200.0
140.30,1200.0
140.35,1200.0
140.40,1200.0
140.45,1200.0
140.50,1200.0
140.55,1200.0
140.60,1200.0
140.65,1200.0
140.70,1200.0
140.75,1200.0
140.80,1200.0
140.85,1200.0
140.90,1200.0
140.95,1200.0
141.00,1200.0
141.05,1200.0
141.10,1200.0
141.15,1200.0
141.20,1200.0
141.25,1200.0
141.30,1200.0
141.35,1200.0
141.40,1200.0
141.45,1200.0
141.50,1200.0
141.55,1200.0
141.60,1200.0
141.65,1200.0
141.70,1200.0
141.75,1200.0
141.80,1200.0
141.85,1200.0
141.90,1200.0
141.95,1200.0
142.00,1200.0
142.05,1200.0
142.10,1200.0
142.15,1200.0
142.20,1200.0
142.25,1200.0
142.30,1200.0
142.35,1200.0
142.40,1200.0
142.45,1200.0
142.50,1200.0
142.55,1200.0
142.60,1200.0
142.65,1200.0
142.70,1200.0
142.75,0.0
142.80,1200.0
142.85,1200.0
142.90,1200.0
142.95,1200.0
143.00,1200.0
143.05,1200.0
143.10,1200.0
143.15,1200.0
143.20,1200.0
143.25,1200.0
143.30,1200.0
143.35,1200.0
143.40,1200.0
143.45,1200.0
143.50,1200.0
143.55,1200.0
143.60,1200.0
143.65,
143.70,1200.0
143.75,1200.0
143.80,1200.0
143.85,1200.0
143.90,1200.0
143.95,1200.0
144.00,1200.0
144.05,1200.0
144.10,1200.0
144.15,1200.0
144.20,1200.0
144.25,1200.0
144.30,1200.0
144.35,1200.0
144.40,1200.0
144.45,1200.0
144.50,1200.0
144.55,1200.0
144.60,1200.0
144.65,1200.0
144.70,1200.0
144.75,1200.0
144.80,1200.0
144.85,1200.0
144.90,
144.95,1200.0
145.00,1200.0
145.05,1200.0
145.10,1200.0
145.15,1200.0
145.20,1200.0
145.25,1200.0
145.30,1200.0
145.35,1200.0
145.40,1200.0
145.45,1200.0
145.50,1200.0
145.55,1200.0
145.60,1200.0
145.65,1200.0
145.70,1200.0
145.75,1200.0
145.80,1200.0
145.85,1200.0
145.90,1200.0
145.95,1200.0
146.00,1200.0
146.05,1200.0
146.10,1200.0
146.15,1200.0
146.20,1200.0
146.25,1200.0
146.30,1200.0
146.35,1200.0
146.40,1200.0
146.45,1200.0
146.50,1200.0
146.55,1200.0
146.60,1200.0
146.65,1200.0
146.70,1200.0
146.75,1200.0
146.80,1200.0
146.85,1200.0
146.90,1200.0
146.95,1200.0
147.00,1200.0
147.05,1200.0
147.10,1200.0
147.15,1200.0
147.20,1200.0
147.25,1200.0
147.30,1200.0
147.35,1200.0
147.40,1200.0
147.45,1200.0
147.50,1200.0
147.55,1200.0
147.60,1200.0
147.65,1200.0
147.70,1200.0
147.75,1200.0
147.80,1200.0
147.85,1200.0
147.90,1200.0
147.95,1200.0
148.00,1200.0
148.05,1200.0
148.10,1200.0
148.15,1200.0
148.20,1200.0
148.25,1200.0
148.30,1200.0
148.35,1200.0
148.40,1200.0
148.45,1200.0
148.50,1200.0
148.55,1200.0
148.60,1200.0
148.65,1200.0
148.70,1200.0
148.75,1200.0
148.80,1200.0
148.85,1200.0
148.90,1200.0
148.95,1200.0
149.00,1200.0
149.05,1200.0
149.10,1200.0
149.15,1200.0
149.20,1200.0
149.25,1200.0
149.30,1200.0
149.35,1200.0
149.40,1200.0
149.45,1200.0
149.50,1200.0
149.55,1200.0
149.60,1200.0
149.65,1200.0
149.70,1200.0
149.75,1200.0
149.80,1200.0
149.85,1200.0
149.90,1200.0
149.95,1200.0
150.00,1200.0
150.05,1200.0
150.10,1200.0
150.15,1200.0
150.20,1200.0
150.25,1200.0
150.30,1200.0
150.35,1200.0
150.40,1200.0
150.45,1200.0
150.50,1200.0
150.55,1200.0
150.60,1200.0
150.65,1200.0
150.70,1200.0
150.75,1200.0
150.80,1200.0
150.85,1200.0
150.90,1200.0
150.95,1200.0
151.00,1200.0
151.05,1200.0
151.10,1200.0
151.15,1200.0
151.20,1200.0
151.25,1200.0
151.30,1200.0
151.35,1200.0
151.40,1200.0
151.45,1200.0
151.50,1200.0
151.55,1200.0
151.60,1200.0
151.65,1200.0
151.70,1200.0
151.75,1200.0
151.80,1200.0
151.85,1200.0
151.90,1200.0
151.95,1200.0
152.00,1200.0
152.05,1200.0
152.10,1200.0
152.15,1200.0
152.20,1200.0
152.25,1200.0
152.30,1200.0
152.35,1200.0
152.40,1200.0
152.45,1200.0
152.50,1200.0
152.55,1200.0
152.60,1200.0
152.65,1200.0
152.70,1200.0
152.75,1200.0
152.80,1200.0
152.85,1200.0
152.90,1200.0
152.95,1200.0
153.00,1200.0
153.05,1200.0
153.10,1200.0
153.15,1200.0
153.20,1200.0
153.25,1200.0
153.30,1200.0
153.35,1200.0
153.40,1200.0
153.45,1200.0
153.50,1200.0
153.55,1200.0
153.60,1200.0
153.65,1200.0
153.70,1200.0
153.75,1200.0
153.80,1200.0
153.85,1200.0
153.90,1200.0
153.95,1200.0
154.00,1200.0
154.05,1200.0
154.10,1200.0
154.15,1200.0
154.20,1200.0
154.25,1200.0
154.30,1200.0
154.35,1200.0
154.40,1200.0
154.45,1200.0
154.50,1200.0
154.55,1200.0
154.60,1200.0
154.65,1200.0
154.70,1200.0
154.75,0.0
154.80,1200.0
154.85,1200.0
154.90,1200.0
154.95,1200.0
155.00,1200.0
155.05,1200.0
155.10,1200.0
155.15,1200.0
155.20,1200.0
155.25,1200.0
155.30,1200.0
155.35,1200.0
155.40,1200.0
155.45,1200.0
155.50,0.0
155.55,1200.0
155.60,1200.0
155.65,1200.0
155.70,1200.0
155.75,1200.0
155.80,1200.0
155.85,1200.0
155.90,1200.0
155.95,1200.0
156.00,1200.0
156.05,1200.0
156.10,1200.0
156.15,1200.0
156.20,1200.0
156.25,1200.0
156.30,1200.0
156.35,1200.0
156.40,1200.0
156.45,1200.0
156.50,1200.0
156.55,1200.0
156.60,1200.0
156.65,1200.0
156.70,1200.0
156.75,1200.0
156.80,1200.0
156.85,1200.0
156.90,1200.0
156.95,1200.0
157.00,1200.0
157.05,1200.0
157.10,1200.0
157.15,1200.0
157.20,1200.0
157.25,1200.0
157.30,1200.0
157.35,1200.0
157.40,1200.0
157.45,1200.0
157.50,1200.0
157.55,1200.0
157.60,1200.0
157.65,1200.0
157.70,1200.0
157.75,1200.0
157.80,1200.0
157.85,1200.0
157.90,1200.0
157.95,1200.0
158.00,1200.0
158.05,1200.0
158.10,1200.0
158.15,1200.0
158.20,1200.0
158.25,1200.0
158.30,1200.0
158.35,1200.0
158.40,1200.0
158.45,1200.0
158.50,1200.0
158.55,1200.0
158.60,1200.0
158.65,1200.0
158.70,1200.0
158.75,1200.0
158.80,1200.0
158.85,1200.0
158.90,1200.0
158.95,1200.0
159.00,1200.0
159.05,1200.0
159.10,1200.0
159.15,1200.0
159.20,1200.0
159.25,1200.0
159.30,1200.0
159.35,1200.0
159.40,1200.0
159.45,1200.0
159.50,1200.0
159.55,1200.0
159.60,1200.0
159.65,1200.0
159.70,1200.0
159.75,1200.0
159.80,1200.0
159.85,1200.0
159.90,1200.0
159.95,1200.0
160.00,1200.0
160.05,1200.0
160.10,1200.0
160.15,1200.0
160.20,1200.0
160.25,1200.0
160.30,1200.0
160.35,1200.0
160.40,1200.0
160.45,1200.0
160.50,1200.0
160.55,1200.0
160.60,1200.0
160.65,1200.0
160.70,1200.0
160.75,1200.0
160.80,1200.0
160.85,1200.0
160.90,1200.0
160.95,1200.0
161.00,1200.0
161.05,1200.0
161.10,1200.0
161.15,1200.0
161.20,1200.0
161.25,1200.0
161.30,1200.0
161.35,1200.0
161.40,1200.0
161.45,1200.0
161.50,1200.0
161.55,1200.0
161.60,1200.0
161.65,1200.0
161.70,1200.0
161.75,1200.0
161.80,1200.0
161.85,1200.0
161.90,1200.0
161.95,1200.0
162.00,1200.0
162.05,1200.0
162.10,1200.0
162.15,1200.0
162.20,1200.0
162.25,1200.0
162.30,1200.0
162.35,1200.0
162.40,1200.0
162.45,1200.0
162.50,1200.0
162.55,1200.0
162.60,1200.0
162.65,1200.0
162.70,1200.0
162.75,1200.0
162.80,1200.0
162.85,1200.0
162.90,1200.0
162.95,1200.0
163.00,1200.0
163.05,1200.0
163.10,1200.0
163.15,1200.0
163.20,1200.0
163.25,1200.0
163.30,1200.0
163.35,1200.0
163.40,1200.0
163.45,1200.0
163.50,1200.0
163.55,1200.0
163.60,1200.0
163.65,1200.0
163.70,1200.0
163.75,1200.0
163.80,1200.0
163.85,1200.0
163.90,1200.0
163.95,1200.0
164.00,1200.0
164.05,1200.0
164.10,1200.0
164.15,1200.0
164.20,1200.0
164.25,1200.0
164.30,1200.0
164.35,1200.0
164.40,1200.0
164.45,1200.0
164.50,1200.0
164.55,1200.0
164.60,1200.0
164.65,1200.0
164.70,1200.0
164.75,0.0
164.80,1200.0
164.85,1200.0
164.90,1200.0
164.95,1200.0
165.00,1200.0
165.05,1200.0
165.10,1200.0
165.15,1200.0
165.20,1200.0
165.25,1200.0
165.30,1200.0
165.35,1200.0
165.40,1200.0
165.45,1200.0
165.50,1200.0
165.55,1200.0
165.60,1200.0
165.65,1200.0
165.70,1200.0
165.75,1200.0
165.80,1200.0
165.85,1200.0
165.90,1200.0
165.95,1200.0
166.00,1200.0
166.05,1200.0
166.10,1200.0
166.15,1200.0
166.20,1200.0
166.25,1200.0
166.30,1200.0
166.35,1200.0
166.40,1200.0
166.45,1200.0
166.50,1200.0
166.55,1200.0
166.60,1200.0
166.65,1200.0
166.70,1200.0
166.75,1200.0
166.80,1200.0
166.85,1200.0
166.90,1200.0
166.95,1200.0
167.00,1200.0
167.05,1200.0
167.10,1200.0
167.15,1200.0
167.20,1200.0
167.25,1200.0
167.30,1200.0
167.35,1200.0
167.40,1200.0
167.45,1200.0
167.50,1200.0
167.55,1200.0
167.60,1200.0
167.65,1200.0
167.70,1200.0
167.75,1200.0
167.80,1200.0
167.85,1200.0
167.90,1200.0
167.95,1200.0
168.00,1200.0
168.05,1200.0
168.10,1200.0
168.15,1200.0
168.20,1200.0
168.25,1200.0
168.30,1200.0
168.35,1200.0
168.40,1200.0
168.45,1200.0
168.50,1200.0
168.55,1200.0
168.60,1200.0
168.65,1200.0
168.70,1200.0
168.75,1200.0
168.80,1200.0
168.85,1200.0
168.90,1200.0
168.95,1200.0
169.00,1200.0
169.05,1200.0
169.10,1200.0
169.15,1200.0
169.20,1200.0
169.25,1200.0
169.30,1200.0
169.35,1200.0
169.40,1200.0
169.45,1200.0
169.50,1200.0
169.55,1200.0
169.60,1200.0
169.65,1200.0
169.70,1200.0
169.75,1200.0
169.80,1200.0
169.85,1200.0
169.90,1200.0
169.95,1200.0
170.00,1200.0
170.05,1200.0
170.10,1200.0
170.15,1200.0
170.20,1200.0
170.25,1200.0
170.30,1200.0
170.35,1200.0
170.40,1200.0
170.45,1200.0
170.50,1200.0
170.55,1200.0
170.60,1200.0
170.65,1200.0
170.70,1200.0
170.75,1200.0
170.80,1200.0
170.85,1200.0
170.90,1200.0
170.95,1200.0
171.00,1200.0
171.05,1200.0
171.10,1200.0
171.15,1200.0
171.20,1200.0
171.25,1200.0
171.30,1200.0
171.35,1200.0
171.40,1200.0
171.45,1200.0
171.50,1200.0
171.55,1200.0
171.60,1200.0
171.65,1200.0
171.70,1200.0
171.75,1200.0
171.80,1200.0
171.85,1200.0
171.90,1200.0
171.95,1200.0
172.00,1200.0
172.05,1200.0
172.10,1200.0
172.15,1200.0
172.20,1200.0
172.25,1200.0
172.30,1200.0
172.35,1200.0
172.40,1200.0
172.45,1200.0
172.50,1200.0
172.55,1200.0
172.60,1200.0
172.65,1200.0
172.70,1200.0
172.75,1200.0
172.80,1200.0
172.85,1200.0
172.90,1200.0
172.95,1200.0
173.00,1200.0
173.05,1200.0
173.10,1200.0
173.15,1200.0
173.20,1200.0
173.25,1200.0
173.30,1200.0
173.35,1200.0
173.40,1200.0
173.45,1200.0
173.50,1200.0
173.55,1200.0
173.60,1200.0
173.65,1200.0
173.70,1200.0
173.75,1200.0
173.80,1200.0
173.85,1200.0
173.90,1200.0
173.95,1200.0
174.00,1200.0
174.05,1200.0
174.10,1200.0
174.15,1200.0
174.20,1200.0
174.25,1200.0
174.30,1200.0
174.35,1200.0
174.40,1200.0
174.45,1200.0
174.50,1200.0
174.55,1200.0
174.60,1200.0
174.65,1200.0
174.70,1200.0
174.75,1200.0
174.80,1200.0
174.85,1200.0
174.90,1200.0
174.95,1200.0
175.00,1200.0
175.05,1200.0
175.10,1200.0
175.15,1200.0
175.20,1200.0
175.25,1200.0
175.30,1200.0
175.35,1200.0
175.40,1200.0
175.45,1200.0
175.50,1200.0
175.55,1200.0
175.60,1200.0
175.65,1200.0
175.70,1200.0
175.75,1200.0
175.80,1200.0
175.85,1200.0
175.90,1200.0
175.95,1200.0
176.00,1200.0
176.05,1200.0
176.10,1200.0
176.15,1200.0
176.20,1200.0
176.25,1200.0
176.30,1200.0
176.35,1200.0
176.40,1200.0
176.45,1200.0
176.50,1200.0
176.55,1200.0
176.60,1200.0
176.65,1200.0
176.70,1200.0
176.75,1200.0
176.80,1200.0
176.85,1200.0
176.90,1200.0
176.95,1200.0
177.00,1200.0
177.05,1200.0
177.10,1200.0
177.15,1200.0
177.20,1200.0
177.25,1200.0
177.30,1200.0
177.35,1200.0
177.40,1200.0
177.45,1200.0
177.50,1200.0
177.55,1200.0
177.60,1200.0
177.65,1200.0
177.70,1200.0
177.75,1200.0
177.80,1200.0
177.85,1200.0
177.90,1200.0
177.95,1200.0
178.00,1200.0
178.05,1200.0
178.10,1200.0
178.15,1200.0
178.20,1200.0
178.25,1200.0
178.30,1200.0
178.35,1200.0
178.40,1200.0
178.45,1200.0
178.50,1200.0
178.55,1200.0
178.60,1200.0
178.65,1200.0
178.70,1200.0
178.75,1200.0
178.80,1200.0
178.85,1200.0
178.90,1200.0
178.95,1200.0
179.00,1200.0
179.05,1200.0
179.10,1200.0
179.15,1200.0
179.20,1200.0
179.25,1200.0
179.30,1200.0
179.35,1200.0
179.40,1200.0
179.45,1200.0
179.50,1200.0
179.55,1200.0
179.60,1200.0
179.65,1200.0
179.70,1200.0
179.75,1200.0
179.80,1200.0
179.85,1200.0
179.90,1200.0
179.95,1200.0
180.00,1200.0
