thoi_gian_s,toc_do_kmh,rpm,muc_pin_pct
0.00,0,820,15.8
1.00,0,821,15.8
2.00,0,794,15.8
3.00,0,809,15.8
4.00,0,778,15.8
5.00,0,783,15.8
6.00,0,792,15.8
7.00,0,784,15.8
8.00,0,785,15.8
9.00,0,794,15.8
10.00,0,788,15.8
11.00,0,786,15.8
12.00,0,796,15.8
13.00,0,811,15.8
14.00,0,802,15.8
15.00,0,824,15.8
16.00,2,889,15.8
17.00,4,963,15.8
18.00,6,1032,15.8
19.00,8,1114,15.8
20.00,10,1164,15.8
21.00,12,1229,15.8
22.00,14,1297,15.8
23.00,16,1407,15.8
24.00,18,1444,15.8
25.00,20,1529,15.8
26.00,22,1602,15.8
27.00,24,1656,15.8
28.00,26,1726,15.8
29.00,28,1794,15.8
30.00,30,1875,15.8
31.00,32,1937,15.7
32.00,34,2021,15.7
33.00,36,2110,15.7
34.00,38,2141,15.7
35.00,40,2206,15.7
36.00,40,2198,15.7
37.00,40,2204,15.7
38.00,40,2204,15.7
39.00,40,2206,15.7
40.00,40,2207,15.7
41.00,40,2199,15.7
42.00,40,2205,15.7
43.00,40,2200,15.7
44.00,40,2180,15.7
45.00,40,2201,15.6
46.00,40,2213,15.6
47.00,40,2211,15.6
48.00,40,2193,15.6
49.00,40,2213,15.6
50.00,40,2189,15.6
51.00,40,2200,15.6
52.00,40,2170,15.6
53.00,40,2192,15.6
54.00,40,2201,15.6
55.00,40,2197,15.6
56.00,40,2206,15.6
57.00,40,2207,15.5
58.00,40,2194,15.5
59.00,40,2206,15.5
60.00,40,2218,15.5
61.00,41,2262,15.5
62.00,42,2307,15.5
63.00,44,2346,15.5
64.00,45,2410,15.5
65.00,46,2419,15.5
66.00,47,2486,15.5
67.00,49,2516,15.5
68.00,50,2563,15.5
69.00,51,2591,15.4
70.00,52,2648,15.4
71.00,54,2698,15.4
72.00,55,2729,15.4
73.00,56,2781,15.4
74.00,57,2844,15.4
75.00,59,2867,15.4
76.00,60,2903,15.4
77.00,61,2952,15.4
78.00,62,3005,15.3
79.00,64,3053,15.3
80.00,65,3072,15.3
81.00,63,2983,15.3
82.00,60,2897,15.3
83.00,58,2839,15.3
84.00,55,2702,15.3
85.00,53,2624,15.3
86.00,50,2563,15.3
87.00,48,2459,15.2
88.00,45,2368,15.2
89.00,43,2290,15.2
90.00,40,2213,15.2
91.00,38,2107,15.2
92.00,35,2022,15.2
93.00,34,2015,15.2
94.00,34,1997,15.2
95.00,33,1964,15.2
96.00,33,1947,15.2
97.00,32,1923,15.2
98.00,31,1894,15.2
99.00,31,1877,15.2
100.00,30,1874,15.1
101.00,30,1880,15.1
102.00,30,1851,15.1
103.00,30,1841,15.1
104.00,30,1846,15.1
105.00,30,1832,15.1
106.00,30,1841,15.1
107.00,30,1859,15.1
108.00,30,1858,15.1
109.00,30,1861,15.1
110.00,30,1833,15.1
111.00,30,1842,15.1
112.00,30,1847,15.1
113.00,29,1829,15.1
114.00,7,1058,15.1
115.00,0,814,15.1
116.00,0,800,15.1
117.00,0,808,15.1
118.00,0,793,15.1
119.00,0,790,15.1
120.00,0,802,15.1
121.00,0,802,15.1
122.00,0,823,15.1
123.00,0,791,15.1
124.00,0,786,15.1
125.00,0,786,15.1
126.00,0,793,15.1
127.00,0,795,15.1
128.00,0,784,15.1
129.00,0,805,15.1
130.00,0,807,15.1
131.00,0,798,15.1
132.00,0,780,15.1
133.00,0,776,15.1
134.00,0,802,15.1
135.00,0,786,15.1
136.00,0,823,15.1
137.00,2,886,15.1
138.00,4,981,15.1
139.00,7,1053,15.1
140.00,9,1137,15.1
141.00,11,1223,15.1
142.00,13,1297,15.1
143.00,16,1380,15.1
144.00,18,1438,15.1
145.00,20,1517,15.1
146.00,22,1596,15.0
147.00,25,1672,15.0
148.00,27,1738,15.0
149.00,27,1748,15.0
150.00,27,1733,15.0
151.00,27,1731,15.0
152.00,27,1755,15.0
153.00,27,1745,15.0
154.00,27,1750,15.0
155.00,27,1739,15.0
156.00,27,1755,15.0
157.00,27,1743,15.0
158.00,27,1753,15.0
159.00,27,1737,15.0
160.00,27,1731,15.0
161.00,27,1757,15.0
162.00,27,1762,15.0
163.00,27,1733,15.0
164.00,27,1748,15.0
165.00,27,1764,14.9
166.00,27,1776,14.9
167.00,27,1756,14.9
168.00,27,1733,14.9
169.00,27,1758,14.9
170.00,27,1732,14.9
171.00,27,1727,14.9
172.00,27,1732,14.9
173.00,27,1750,14.9
174.00,27,1755,14.9
175.00,27,1743,14.9
176.00,27,1746,14.9
177.00,27,1736,14.9
178.00,27,1731,14.9
179.00,27,1735,14.9
180.00,27,1741,14.9
